-- item class
INSERT INTO ITEMCLASS(CLASSID, CLASSNAME, STYLE) VALUES('9ed2071e-93b1-42bb-8687-3ccdc87decb8', '肉品', 'panel-danger');
INSERT INTO ITEMCLASS(CLASSID, CLASSNAME, STYLE) VALUES('2e3bcd58-8800-4c63-b1d1-b3e7649c19cb', '蔬菜', 'panel-success');
INSERT INTO ITEMCLASS(CLASSID, CLASSNAME, STYLE) VALUES('01965936-0347-44a8-bf74-5e62b4fb9b3e', '單點', 'panel-info');
INSERT INTO ITEMCLASS(CLASSID, CLASSNAME, STYLE) VALUES('de171fc3-b5cb-498e-b36c-2f20d1ab8368', '海鮮', 'panel-primary');
INSERT INTO ITEMCLASS(CLASSID, CLASSNAME, STYLE) VALUES('aca7d5e4-52f9-421f-9b15-0f4aa12422d6', '火鍋', 'panel-warning');

-- item
INSERT INTO ITEM(ITEMID, ISDISPLAY, NAME, PRICE, CLASSID) VALUES('49d643bb-c7d6-4f00-b49f-ceae68971e40', 1, '牛肉', 100,'9ed2071e-93b1-42bb-8687-3ccdc87decb8');
INSERT INTO ITEM(ITEMID, ISDISPLAY, NAME, PRICE, CLASSID) VALUES('d4512dba-4582-4ec2-b4ac-581e3ac1e0a8', 1, '豬肉', 90,'9ed2071e-93b1-42bb-8687-3ccdc87decb8');
INSERT INTO ITEM(ITEMID, ISDISPLAY, NAME, PRICE, CLASSID) VALUES('00d8d906-6e15-49b6-971a-ee1d24a1b679', 1, '青江菜', 35,'2e3bcd58-8800-4c63-b1d1-b3e7649c19cb');
INSERT INTO ITEM(ITEMID, ISDISPLAY, NAME, PRICE, CLASSID) VALUES('5d551385-944c-4905-8e20-0fc83e24b32e', 1, '高麗菜', 35,'2e3bcd58-8800-4c63-b1d1-b3e7649c19cb');
INSERT INTO ITEM(ITEMID, ISDISPLAY, NAME, PRICE, CLASSID) VALUES('2654c0ba-c420-4ae4-8cc6-0fce7312312e', 1, '貢丸', 20,'01965936-0347-44a8-bf74-5e62b4fb9b3e');
INSERT INTO ITEM(ITEMID, ISDISPLAY, NAME, PRICE, CLASSID) VALUES('2b2a29dd-c2c9-4299-ba8a-c758d286e74b', 1, '米血', 20,'01965936-0347-44a8-bf74-5e62b4fb9b3e');
INSERT INTO ITEM(ITEMID, ISDISPLAY, NAME, PRICE, CLASSID) VALUES('868380df-c115-4482-8c27-09502007cd3c', 1, '草蝦', 100,'01965936-0347-44a8-bf74-5e62b4fb9b3e');
INSERT INTO ITEM(ITEMID, ISDISPLAY, NAME, PRICE, CLASSID) VALUES('1fb05487-065f-4003-a4c9-60aee370c11c', 1, '鱈魚', 200,'01965936-0347-44a8-bf74-5e62b4fb9b3e');
INSERT INTO ITEM(ITEMID, ISDISPLAY, NAME, PRICE, CLASSID) VALUES('c0752fee-067f-44ee-a885-098011d4e433', 1, '麻辣鍋', 120,'aca7d5e4-52f9-421f-9b15-0f4aa12422d6');
INSERT INTO ITEM(ITEMID, ISDISPLAY, NAME, PRICE, CLASSID) VALUES('4570a5a6-595e-459e-930e-cf30275208eb', 1, '臭臭鍋', 110,'aca7d5e4-52f9-421f-9b15-0f4aa12422d6');
INSERT INTO ITEM(ITEMID, ISDISPLAY, NAME, PRICE, CLASSID) VALUES('c2168b2b-09fe-4576-bee2-73437b4e9b70', 0, '番茄鍋', 100,'aca7d5e4-52f9-421f-9b15-0f4aa12422d6');

-- customer
INSERT INTO CUSTOMER(CUSTOMERID, CHECKINTIME, NAME, PEOPLECOUNT, PHONE, REMARK, ) VALUES();


-- booking


-- furnish class
INSERT INTO FURNISHCLASS(CLASSID, IMAGEPATH, NAME) VALUES('f8888e43-fe4b-4751-a1cd-3e9110a074a2', 'tree.png', 'TREE');
INSERT INTO FURNISHCLASS(CLASSID, IMAGEPATH, NAME) VALUES('48a7d493-dc80-4318-b180-ed51f16f120c', 'table-sm.png', 'TABLE');
INSERT INTO FURNISHCLASS(CLASSID, IMAGEPATH, NAME) VALUES('98a689f2-1afa-462f-93ad-93d5644ce311', 'restroom.png', 'RESTROOM');
INSERT INTO FURNISHCLASS(CLASSID, IMAGEPATH, NAME) VALUES('c8fd2c9b-7ef9-4656-9642-f49c46db0fc0', 'door.png', 'DOOR');
INSERT INTO FURNISHCLASS(CLASSID, IMAGEPATH, NAME) VALUES('6dbb2f95-077e-41ca-b8f4-f27ef309304f', 'bar.png', 'BAR');

