-- item class
INSERT INTO ITEMCLASS(CLASSID, CLASSNAME, STYLE) VALUES('9ed2071e-93b1-42bb-8687-3ccdc87decb8', '肉品', 'panel-danger');
INSERT INTO ITEMCLASS(CLASSID, CLASSNAME, STYLE) VALUES('2e3bcd58-8800-4c63-b1d1-b3e7649c19cb', '蔬菜', 'panel-success');
INSERT INTO ITEMCLASS(CLASSID, CLASSNAME, STYLE) VALUES('01965936-0347-44a8-bf74-5e62b4fb9b3e', '單點', 'panel-info');
INSERT INTO ITEMCLASS(CLASSID, CLASSNAME, STYLE) VALUES('de171fc3-b5cb-498e-b36c-2f20d1ab8368', '海鮮', 'panel-primary');
INSERT INTO ITEMCLASS(CLASSID, CLASSNAME, STYLE) VALUES('aca7d5e4-52f9-421f-9b15-0f4aa12422d6', '火鍋', 'panel-warning');

-- item
INSERT INTO ITEM(ITEMID, ISDISPLAY, NAME, PRICE, CLASSID) VALUES('49d643bb-c7d6-4f00-b49f-ceae68971e40', 1, '牛肉', 100,'9ed2071e-93b1-42bb-8687-3ccdc87decb8');
INSERT INTO ITEM(ITEMID, ISDISPLAY, NAME, PRICE, CLASSID) VALUES('d4512dba-4582-4ec2-b4ac-581e3ac1e0a8', 1, '豬肉', 90,'9ed2071e-93b1-42bb-8687-3ccdc87decb8');
INSERT INTO ITEM(ITEMID, ISDISPLAY, NAME, PRICE, CLASSID) VALUES('00d8d906-6e15-49b6-971a-ee1d24a1b679', 1, '青江菜', 35,'2e3bcd58-8800-4c63-b1d1-b3e7649c19cb');
INSERT INTO ITEM(ITEMID, ISDISPLAY, NAME, PRICE, CLASSID) VALUES('5d551385-944c-4905-8e20-0fc83e24b32e', 1, '高麗菜', 35,'2e3bcd58-8800-4c63-b1d1-b3e7649c19cb');
INSERT INTO ITEM(ITEMID, ISDISPLAY, NAME, PRICE, CLASSID) VALUES('2654c0ba-c420-4ae4-8cc6-0fce7312312e', 1, '貢丸', 20,'01965936-0347-44a8-bf74-5e62b4fb9b3e');
INSERT INTO ITEM(ITEMID, ISDISPLAY, NAME, PRICE, CLASSID) VALUES('2b2a29dd-c2c9-4299-ba8a-c758d286e74b', 1, '米血', 20,'01965936-0347-44a8-bf74-5e62b4fb9b3e');
INSERT INTO ITEM(ITEMID, ISDISPLAY, NAME, PRICE, CLASSID) VALUES('868380df-c115-4482-8c27-09502007cd3c', 1, '草蝦', 100,'01965936-0347-44a8-bf74-5e62b4fb9b3e');
INSERT INTO ITEM(ITEMID, ISDISPLAY, NAME, PRICE, CLASSID) VALUES('1fb05487-065f-4003-a4c9-60aee370c11c', 1, '鱈魚', 200,'01965936-0347-44a8-bf74-5e62b4fb9b3e');
INSERT INTO ITEM(ITEMID, ISDISPLAY, NAME, PRICE, CLASSID) VALUES('c0752fee-067f-44ee-a885-098011d4e433', 1, '麻辣鍋', 120,'aca7d5e4-52f9-421f-9b15-0f4aa12422d6');
INSERT INTO ITEM(ITEMID, ISDISPLAY, NAME, PRICE, CLASSID) VALUES('4570a5a6-595e-459e-930e-cf30275208eb', 1, '臭臭鍋', 110,'aca7d5e4-52f9-421f-9b15-0f4aa12422d6');
INSERT INTO ITEM(ITEMID, ISDISPLAY, NAME, PRICE, CLASSID) VALUES('c2168b2b-09fe-4576-bee2-73437b4e9b70', 0, '番茄鍋', 100,'aca7d5e4-52f9-421f-9b15-0f4aa12422d6');

-- seat map
INSERT INTO SEATMAP(MAPID, NAME, WIDTH, HEIGHT) VALUES('4cd7c00c-cf6e-4cdc-afbb-c3b1c8b013b3', '', 600, 400);

-- furnish class
INSERT INTO FURNISHCLASS(CLASSID, IMAGEPATH, NAME, VISIBLE, NAMEABLE) VALUES('f8888e43-fe4b-4751-a1cd-3e9110a074a2', 'tree.png', 'TREE', 'T', 'F');
INSERT INTO FURNISHCLASS(CLASSID, IMAGEPATH, NAME, VISIBLE, NAMEABLE) VALUES('48a7d493-dc80-4318-b180-ed51f16f120c', 'table-sm.png', 'TABLE', 'T', 'T');
INSERT INTO FURNISHCLASS(CLASSID, IMAGEPATH, NAME, VISIBLE, NAMEABLE) VALUES('99ed91e4-5b37-44dc-a0d1-65cbdb04b568', 'empty-table-sm.png', 'EMPTY_TABLE', 'F', 'T');
INSERT INTO FURNISHCLASS(CLASSID, IMAGEPATH, NAME, VISIBLE, NAMEABLE) VALUES('98a689f2-1afa-462f-93ad-93d5644ce311', 'restroom.png', 'RESTROOM', 'T', 'F');
INSERT INTO FURNISHCLASS(CLASSID, IMAGEPATH, NAME, VISIBLE, NAMEABLE) VALUES('c8fd2c9b-7ef9-4656-9642-f49c46db0fc0', 'door.png', 'DOOR', 'T', 'F');
INSERT INTO FURNISHCLASS(CLASSID, IMAGEPATH, NAME, VISIBLE, NAMEABLE) VALUES('6dbb2f95-077e-41ca-b8f4-f27ef309304f', 'bar.png', 'BAR', 'T', 'F');

-- furnish
INSERT INTO FURNISH(FURNISHID, NAME, X, Y, FURNISHCLASS, MAPID) VALUES('0402028d-04f6-4bab-a0f7-20b626dffa88', 'A2', 212, 129, '48a7d493-dc80-4318-b180-ed51f16f120c', '4cd7c00c-cf6e-4cdc-afbb-c3b1c8b013b3');
INSERT INTO FURNISH(FURNISHID, NAME, X, Y, FURNISHCLASS, MAPID) VALUES('07f86ac0-dd8a-4616-b116-78e2448f182d', null, 105,  42, 'c8fd2c9b-7ef9-4656-9642-f49c46db0fc0', '4cd7c00c-cf6e-4cdc-afbb-c3b1c8b013b3');
INSERT INTO FURNISH(FURNISHID, NAME, X, Y, FURNISHCLASS, MAPID) VALUES('08e9fc0d-e966-442a-9992-3c288aa55c8a', 'A4', 216, 232, '48a7d493-dc80-4318-b180-ed51f16f120c', '4cd7c00c-cf6e-4cdc-afbb-c3b1c8b013b3');
INSERT INTO FURNISH(FURNISHID, NAME, X, Y, FURNISHCLASS, MAPID) VALUES('1af9a63f-f736-457c-9c92-1edd285feb17', null, 520, 246, 'f8888e43-fe4b-4751-a1cd-3e9110a074a2', '4cd7c00c-cf6e-4cdc-afbb-c3b1c8b013b3');
INSERT INTO FURNISH(FURNISHID, NAME, X, Y, FURNISHCLASS, MAPID) VALUES('21615ca4-566e-4999-855c-c233456f0e71', null,   0,  43, 'f8888e43-fe4b-4751-a1cd-3e9110a074a2', '4cd7c00c-cf6e-4cdc-afbb-c3b1c8b013b3');
INSERT INTO FURNISH(FURNISHID, NAME, X, Y, FURNISHCLASS, MAPID) VALUES('61e18c7d-e559-4cc7-a6a2-b0a7193ad3e3', null, 520,  47, '6dbb2f95-077e-41ca-b8f4-f27ef309304f', '4cd7c00c-cf6e-4cdc-afbb-c3b1c8b013b3');
INSERT INTO FURNISH(FURNISHID, NAME, X, Y, FURNISHCLASS, MAPID) VALUES('74ea923b-65d4-49ca-b440-bcd2929242d2', null, 465, 247, 'f8888e43-fe4b-4751-a1cd-3e9110a074a2', '4cd7c00c-cf6e-4cdc-afbb-c3b1c8b013b3');
INSERT INTO FURNISH(FURNISHID, NAME, X, Y, FURNISHCLASS, MAPID) VALUES('796821e4-d8e1-4040-81ce-e8c6064f2980', null, 462,  46, 'f8888e43-fe4b-4751-a1cd-3e9110a074a2', '4cd7c00c-cf6e-4cdc-afbb-c3b1c8b013b3');
INSERT INTO FURNISH(FURNISHID, NAME, X, Y, FURNISHCLASS, MAPID) VALUES('8ac35ae5-2854-45e8-932d-483b84825425', null, 412, 247, 'f8888e43-fe4b-4751-a1cd-3e9110a074a2', '4cd7c00c-cf6e-4cdc-afbb-c3b1c8b013b3');
INSERT INTO FURNISH(FURNISHID, NAME, X, Y, FURNISHCLASS, MAPID) VALUES('8b30fb75-d73e-4af5-bf72-99d5662d5f2b', 'A1',  27, 130, '48a7d493-dc80-4318-b180-ed51f16f120c', '4cd7c00c-cf6e-4cdc-afbb-c3b1c8b013b3');
INSERT INTO FURNISH(FURNISHID, NAME, X, Y, FURNISHCLASS, MAPID) VALUES('b98fd2b4-59f2-4949-878f-dda47c8eaef9', null, 158,  43, 'f8888e43-fe4b-4751-a1cd-3e9110a074a2', '4cd7c00c-cf6e-4cdc-afbb-c3b1c8b013b3');
INSERT INTO FURNISH(FURNISHID, NAME, X, Y, FURNISHCLASS, MAPID) VALUES('c30e52a0-639c-4e41-9b60-d10e8bd4f5fd', 'A3',  27, 236, '48a7d493-dc80-4318-b180-ed51f16f120c', '4cd7c00c-cf6e-4cdc-afbb-c3b1c8b013b3');
INSERT INTO FURNISH(FURNISHID, NAME, X, Y, FURNISHCLASS, MAPID) VALUES('cd81a727-6c9a-47b0-ad3a-c5a5800fd1cf', null,  51,  43, 'f8888e43-fe4b-4751-a1cd-3e9110a074a2', '4cd7c00c-cf6e-4cdc-afbb-c3b1c8b013b3');
INSERT INTO FURNISH(FURNISHID, NAME, X, Y, FURNISHCLASS, MAPID) VALUES('d0a938ca-65c4-4284-ab02-8a8b5921b193', null, 209,  43, 'f8888e43-fe4b-4751-a1cd-3e9110a074a2', '4cd7c00c-cf6e-4cdc-afbb-c3b1c8b013b3');
INSERT INTO FURNISH(FURNISHID, NAME, X, Y, FURNISHCLASS, MAPID) VALUES('f7357a45-3177-4746-9d90-397c9c217e18', null, 514, 322, '98a689f2-1afa-462f-93ad-93d5644ce311', '4cd7c00c-cf6e-4cdc-afbb-c3b1c8b013b3');

-- user info
INSERT INTO USERINFO(USERNAME, PASSWORD) VALUES('admin', '$2a$10$ovc9aGkirsgDWMP.MSjHv.LAVVoxkeK7LH6qV3cjlQAoud4JvwfJy');
INSERT INTO USERINFO(USERNAME, PASSWORD) VALUES('user01', '$2a$10$sbyUVWsddLy.WlHjbrYxUOsUEXmOAfYhMq2tBXreS4G4Gmecd8lN2');

-- user role
INSERT INTO USERROLE(USERNAME, ROLE) VALUES('admin', 'ROLE_ADMIN');
INSERT INTO USERROLE(USERNAME, ROLE) VALUES('admin', 'ROLE_STAFF');
INSERT INTO USERROLE(USERNAME, ROLE) VALUES('user01', 'ROLE_STAFF');


-- customer
--INSERT INTO CUSTOMER(CUSTOMERID, CHECKINTIME, CHECKOUTTIME, NAME, PEOPLECOUNT, PHONE, REMARK, FURNISH) VALUES();


-- booking

